{
  "n_pairs": 276,
  "mvl_mean": 0.3854811847650982,
  "mvl_std": 0.0900577708927966,
  "mvl_median": 0.37973979952591697,
  "mvl_p5": 0.2557060591728182,
  "mvl_p95": 0.5434405520068737,
  "k2_lower": 0.27,
  "k2_upper": 0.39,
  "fraction_in_range": 0.45652173913043476,
  "lif_metadata": {
    "T": 128,
    "threshold": 0.0625,
    "tau": 1.0
  },
  "n_modules_sampled": 24
}